"","Tube","SampleDate","Location","rep","length","weight"
"1",1,"Early","Bottom",1,20.17,0.213
"2",1,"Early","Top",12,19.92,0.208
"3",1,"Early","Top",11,20.4,0.208
"4",1,"Early","Bottom",4,21.25,0.206
"5",1,"Early","Bottom",5,21.73,0.205
"6",1,"Early","Top",8,20.03,0.204
"7",1,"Early","Top",14,20.69,0.199
"8",1,"Early","Bottom",10,20.84,0.198
"9",1,"Early","Bottom",8,19.78,0.197
"10",1,"Early","Bottom",12,17.81,0.191
"11",1,"Early","Bottom",6,19.02,0.176
"12",1,"Early","Bottom",3,20.29,0.147
"13",1,"Early","Bottom",2,17.83,0.143
"14",1,"Early","Top",9,19.84,0.139
"15",1,"Early","Top",3,20.56,0.138
"16",1,"Early","Top",2,20.33,0.135
"17",1,"Early","Top",1,21.43,0.134
"18",1,"Early","Top",7,18.4,0.133
"19",1,"Early","Top",5,18.41,0.133
"20",1,"Early","Top",15,19.23,0.133
"21",1,"Early","Top",10,20.36,0.132
"22",1,"Early","Top",13,19.8,0.131
"23",1,"Early","Bottom",9,20.08,0.128
"24",1,"Early","Top",4,20.4,0.128
"25",1,"Early","Top",6,19.64,0.125
"26",1,"Early","Bottom",7,20.96,0.121
"27",1,"Early","Bottom",11,16.53,0.117
"41",2,"Early","Bottom",16,20.14,0.212
"42",2,"Early","Bottom",1,22.63,0.209
"43",2,"Early","Top",3,17.93,0.205
"44",2,"Early","Bottom",19,19.92,0.201
"45",2,"Early","Bottom",4,19.41,0.197
"46",2,"Early","Top",13,18.01,0.196
"47",2,"Early","Top",20,18.64,0.195
"48",2,"Early","Bottom",8,18.81,0.195
"49",2,"Early","Top",12,19.56,0.193
"50",2,"Early","Top",8,20.83,0.192
"51",2,"Early","Top",11,19.65,0.191
"52",2,"Early","Bottom",15,19.76,0.191
"53",2,"Early","Top",19,18.89,0.188
"54",2,"Early","Bottom",20,20.4,0.187
"55",2,"Early","Top",2,17.29,0.185
"56",2,"Early","Bottom",6,17.97,0.183
"57",2,"Early","Top",4,17.77,0.168
"58",2,"Early","Bottom",3,18.72,0.149
"59",2,"Early","Bottom",2,20.25,0.148
"60",2,"Early","Bottom",17,19.76,0.145
"61",2,"Early","Bottom",10,18.1,0.143
"62",2,"Early","Bottom",18,18.65,0.142
"63",2,"Early","Bottom",9,17.72,0.14
"64",2,"Early","Bottom",14,17.97,0.137
"65",2,"Early","Bottom",7,19.87,0.137
"66",2,"Early","Top",15,17.31,0.136
"67",2,"Early","Bottom",5,18.67,0.135
"68",2,"Early","Top",18,19.23,0.134
"69",2,"Early","Bottom",11,18.16,0.133
"70",2,"Early","Top",17,17.86,0.131
"71",2,"Early","Top",16,18.64,0.131
"72",2,"Early","Bottom",13,17.88,0.13
"73",2,"Early","Top",6,16.34,0.129
"74",2,"Early","Bottom",12,17.21,0.129
"75",2,"Early","Top",14,17.95,0.123
"76",2,"Early","Top",1,16.79,0.12
"77",2,"Early","Top",5,16.9,0.12
"78",2,"Early","Top",10,18.46,0.117
"79",2,"Early","Top",9,19.04,0.116
"80",2,"Early","Top",7,18.24,0.048
"81",3,"Early","Bottom",6,20.26,0.217
"82",3,"Early","Bottom",12,21.39,0.216
"83",3,"Early","Bottom",1,22.29,0.216
"84",3,"Early","Bottom",19,20.76,0.215
"85",3,"Early","Bottom",16,21.17,0.214
"86",3,"Early","Top",3,20.57,0.21
"87",3,"Early","Top",18,19.94,0.209
"88",3,"Early","Top",4,20,0.209
"89",3,"Early","Top",9,20.08,0.205
"90",3,"Early","Bottom",8,21.52,0.205
"91",3,"Early","Top",8,18.49,0.202
"92",3,"Early","Top",12,19.48,0.202
"93",3,"Early","Top",17,18.43,0.2
"94",3,"Early","Top",5,19.13,0.2
"95",3,"Early","Top",20,20.45,0.199
"96",3,"Early","Bottom",14,20.47,0.197
"97",3,"Early","Top",6,17.99,0.196
"98",3,"Early","Top",15,19.18,0.194
"99",3,"Early","Bottom",17,20.66,0.161
"100",3,"Early","Bottom",5,19.43,0.157
"101",3,"Early","Bottom",9,19.67,0.155
"102",3,"Early","Bottom",3,19.75,0.155
"103",3,"Early","Bottom",4,19.86,0.154
"104",3,"Early","Bottom",15,19.9,0.149
"105",3,"Early","Bottom",13,20.3,0.148
"106",3,"Early","Top",1,20.42,0.148
"107",3,"Early","Bottom",18,21.84,0.146
"108",3,"Early","Top",13,18.1,0.145
"109",3,"Early","Top",16,20.18,0.143
"110",3,"Early","Bottom",11,20.53,0.142
"111",3,"Early","Top",7,19.57,0.141
"112",3,"Early","Bottom",10,19.72,0.141
"113",3,"Early","Top",14,19.34,0.138
"114",3,"Early","Bottom",7,19.45,0.138
"115",3,"Early","Bottom",2,20.16,0.137
"116",3,"Early","Top",10,19.39,0.136
"117",3,"Early","Bottom",20,19.27,0.135
"118",3,"Early","Top",19,19.65,0.133
"119",3,"Early","Top",2,20,0.131
"120",3,"Early","Top",11,18.33,0.13
"121",4,"Early","Bottom",3,20.34,0.22
"122",4,"Early","Top",15,21.14,0.211
"123",4,"Early","Top",8,21.33,0.211
"124",4,"Early","Top",14,20.6,0.207
"125",4,"Early","Bottom",2,21.15,0.207
"126",4,"Early","Bottom",8,19.65,0.206
"127",4,"Early","Top",9,21.27,0.205
"128",4,"Early","Bottom",19,19.74,0.203
"129",4,"Early","Top",1,20.76,0.203
"130",4,"Early","Top",19,22.36,0.2
"131",4,"Early","Bottom",11,20.39,0.199
"132",4,"Early","Top",16,20.33,0.198
"133",4,"Early","Bottom",12,20.54,0.198
"134",4,"Early","Top",3,18.38,0.196
"135",4,"Early","Bottom",20,19.03,0.193
"136",4,"Early","Bottom",16,19.95,0.193
"137",4,"Early","Bottom",17,19.52,0.191
"138",4,"Early","Top",10,17.12,0.185
"139",4,"Early","Top",13,18.7,0.185
"140",4,"Early","Bottom",1,19.03,0.185
"141",4,"Early","Top",2,20.14,0.147
"142",4,"Early","Top",18,19.43,0.145
"143",4,"Early","Bottom",14,20.6,0.145
"144",4,"Early","Top",11,18.55,0.14
"145",4,"Early","Top",4,19.5,0.14
"146",4,"Early","Top",17,19.73,0.14
"147",4,"Early","Bottom",6,20.16,0.14
"148",4,"Early","Top",7,18.97,0.139
"149",4,"Early","Bottom",9,19.67,0.138
"150",4,"Early","Bottom",4,17.91,0.137
"151",4,"Early","Bottom",7,18.31,0.137
"152",4,"Early","Bottom",18,18.58,0.137
"153",4,"Early","Bottom",5,18.18,0.136
"154",4,"Early","Bottom",13,18.52,0.136
"155",4,"Early","Top",5,19.17,0.136
"156",4,"Early","Bottom",15,19.66,0.135
"157",4,"Early","Top",6,18.07,0.133
"158",4,"Early","Bottom",10,18.67,0.132
"159",4,"Early","Top",12,18.03,0.131
"161",5,"Early","Bottom",4,17.26,0.267
"162",5,"Early","Bottom",17,20.43,0.203
"163",5,"Early","Bottom",7,17.97,0.195
"164",5,"Early","Bottom",18,19.41,0.195
"165",5,"Early","Bottom",8,15.17,0.19
"166",5,"Early","Bottom",20,18.89,0.189
"167",5,"Early","Top",1,18.16,0.188
"168",5,"Early","Top",9,18.46,0.183
"169",5,"Early","Top",15,18.47,0.183
"170",5,"Early","Top",7,19.41,0.183
"171",5,"Early","Top",11,20.57,0.179
"172",5,"Early","Top",8,17.29,0.171
"173",5,"Early","Top",4,16.52,0.17
"174",5,"Early","Top",2,15.86,0.167
"175",5,"Early","Bottom",9,17.1,0.157
"176",5,"Early","Bottom",6,18.31,0.147
"177",5,"Early","Bottom",5,18.66,0.143
"178",5,"Early","Bottom",10,18.72,0.143
"179",5,"Early","Bottom",15,19.15,0.14
"180",5,"Early","Bottom",13,18.33,0.137
"181",5,"Early","Bottom",16,19.81,0.137
"182",5,"Early","Top",12,20.19,0.136
"183",5,"Early","Bottom",14,17.4,0.129
"184",5,"Early","Bottom",11,16.44,0.128
"185",5,"Early","Top",13,17.04,0.128
"186",5,"Early","Top",3,20.12,0.128
"187",5,"Early","Bottom",19,16.83,0.124
"188",5,"Early","Top",10,14.73,0.117
"189",5,"Early","Top",14,18.73,0.116
"190",5,"Early","Top",5,18.66,0.114
"191",5,"Early","Top",6,20.14,0.098
"192",5,"Early","Bottom",2,18.93,0.093
"193",5,"Early","Bottom",12,20.9,0.09
"194",5,"Early","Bottom",1,18.98,0.072
"195",5,"Early","Bottom",3,16.67,0.048
"196",5,"Early","Top",16,16.95,0.039
"201",6,"Early","Top",16,20.09,0.209
"202",6,"Early","Top",15,20.49,0.207
"203",6,"Early","Top",5,20.19,0.206
"204",6,"Early","Top",10,19.97,0.204
"205",6,"Early","Top",11,20.16,0.202
"206",6,"Early","Top",19,19.39,0.2
"207",6,"Early","Bottom",8,20.97,0.2
"208",6,"Early","Bottom",18,18.58,0.199
"209",6,"Early","Top",9,18.65,0.199
"210",6,"Early","Bottom",15,19.78,0.199
"211",6,"Early","Bottom",11,20.94,0.199
"212",6,"Early","Top",20,21.75,0.199
"213",6,"Early","Bottom",4,20.4,0.197
"214",6,"Early","Top",4,19.48,0.196
"215",6,"Early","Bottom",9,20.39,0.196
"216",6,"Early","Bottom",5,18.14,0.194
"217",6,"Early","Top",12,21.19,0.194
"218",6,"Early","Top",8,19.7,0.193
"219",6,"Early","Bottom",2,17.83,0.189
"220",6,"Early","Top",7,19.05,0.176
"221",6,"Early","Bottom",20,17.62,0.15
"222",6,"Early","Bottom",19,19.23,0.148
"223",6,"Early","Bottom",1,21.27,0.144
"224",6,"Early","Top",17,18.18,0.142
"225",6,"Early","Bottom",13,18.49,0.141
"226",6,"Early","Bottom",3,19.4,0.139
"227",6,"Early","Bottom",6,18.15,0.138
"228",6,"Early","Bottom",16,19.03,0.138
"229",6,"Early","Bottom",17,18.3,0.135
"230",6,"Early","Top",2,16.98,0.134
"231",6,"Early","Top",14,18.44,0.133
"232",6,"Early","Top",1,17.49,0.131
"233",6,"Early","Top",13,16.96,0.128
"234",6,"Early","Bottom",10,17.67,0.126
"235",6,"Early","Top",6,17.16,0.124
"236",6,"Early","Top",18,18.15,0.124
"237",6,"Early","Top",3,17.18,0.123
"238",6,"Early","Bottom",7,16.11,0.122
"239",6,"Early","Bottom",14,15.75,0.12
"240",6,"Early","Bottom",12,16.84,0.12
"241",7,"Early","Bottom",6,22.26,0.272
"242",7,"Early","Bottom",5,22.1,0.228
"243",7,"Early","Bottom",8,21.98,0.216
"244",7,"Early","Bottom",10,21.9,0.214
"245",7,"Early","Bottom",16,21.95,0.211
"246",7,"Early","Bottom",17,21.48,0.209
"247",7,"Early","Bottom",1,22.47,0.209
"248",7,"Early","Top",16,20.98,0.208
"249",7,"Early","Top",14,22.03,0.208
"250",7,"Early","Top",10,20.77,0.207
"251",7,"Early","Top",5,21.4,0.207
"252",7,"Early","Bottom",7,21.85,0.207
"253",7,"Early","Bottom",9,20.66,0.201
"254",7,"Early","Top",15,21.18,0.198
"255",7,"Early","Top",19,20.17,0.196
"256",7,"Early","Top",9,21.02,0.191
"257",7,"Early","Bottom",13,20.76,0.172
"258",7,"Early","Bottom",14,19.59,0.16
"259",7,"Early","Bottom",3,19.71,0.155
"260",7,"Early","Bottom",18,19.65,0.154
"261",7,"Early","Bottom",20,20.09,0.153
"262",7,"Early","Bottom",11,20.39,0.153
"263",7,"Early","Top",13,20.44,0.151
"264",7,"Early","Top",7,21.66,0.148
"265",7,"Early","Top",4,19.73,0.147
"266",7,"Early","Top",1,20.19,0.146
"267",7,"Early","Top",2,20.38,0.145
"268",7,"Early","Top",12,20.43,0.144
"269",7,"Early","Top",6,20.67,0.144
"270",7,"Early","Bottom",15,20.44,0.143
"271",7,"Early","Bottom",2,19.26,0.142
"272",7,"Early","Top",8,19.73,0.142
"273",7,"Early","Top",20,20.13,0.142
"274",7,"Early","Top",11,20.7,0.141
"275",7,"Early","Top",3,19.77,0.136
"276",7,"Early","Bottom",4,19.89,0.135
"277",7,"Early","Bottom",19,18.45,0.134
"278",7,"Early","Top",17,19.75,0.132
"279",7,"Early","Top",18,20.25,0.132
"280",7,"Early","Bottom",12,18.96,0.13
"281",8,"Early","Bottom",19,19.57,0.214
"282",8,"Early","Bottom",16,20.82,0.206
"283",8,"Early","Bottom",4,20.12,0.204
"284",8,"Early","Top",5,20.95,0.204
"285",8,"Early","Bottom",11,19.65,0.203
"286",8,"Early","Bottom",9,20.28,0.202
"287",8,"Early","Top",17,19.52,0.201
"288",8,"Early","Bottom",18,20.35,0.2
"289",8,"Early","Bottom",3,21.34,0.2
"290",8,"Early","Bottom",13,21.49,0.2
"291",8,"Early","Bottom",1,20.79,0.198
"292",8,"Early","Top",12,18.99,0.196
"293",8,"Early","Top",19,18.43,0.195
"294",8,"Early","Bottom",8,18.7,0.193
"295",8,"Early","Bottom",15,18.84,0.193
"296",8,"Early","Top",14,18.63,0.191
"297",8,"Early","Top",13,18.17,0.189
"298",8,"Early","Top",9,18.6,0.188
"299",8,"Early","Top",6,18.18,0.185
"300",8,"Early","Bottom",7,19.6,0.185
"301",8,"Early","Top",4,19.11,0.183
"302",8,"Early","Top",3,18.38,0.18
"303",8,"Early","Bottom",6,19.55,0.15
"304",8,"Early","Bottom",12,18.09,0.14
"305",8,"Early","Bottom",5,19.3,0.14
"306",8,"Early","Bottom",20,19.36,0.14
"307",8,"Early","Top",10,18.85,0.139
"308",8,"Early","Top",1,19.42,0.137
"309",8,"Early","Bottom",17,21.13,0.136
"310",8,"Early","Top",15,19.49,0.133
"311",8,"Early","Bottom",10,19.18,0.132
"312",8,"Early","Bottom",2,19.48,0.132
"313",8,"Early","Top",8,17.23,0.131
"314",8,"Early","Top",16,17.52,0.128
"315",8,"Early","Top",18,17.7,0.128
"316",8,"Early","Bottom",14,17.96,0.127
"317",8,"Early","Top",7,17.59,0.126
"318",8,"Early","Top",11,19.16,0.122
"319",8,"Early","Top",2,18.86,0.121
"320",8,"Early","Top",20,15.64,0.119
"321",9,"Late","Top",1,22.49,0.223
"322",9,"Late","Top",2,23.15,0.221
"323",9,"Late","Top",8,22.35,0.219
"324",9,"Late","Bottom",19,20.27,0.218
"325",9,"Late","Bottom",20,21.54,0.217
"326",9,"Late","Top",15,21.55,0.217
"327",9,"Late","Bottom",3,21.85,0.217
"328",9,"Late","Top",14,21.15,0.215
"329",9,"Late","Top",9,23.67,0.215
"330",9,"Late","Bottom",15,20.83,0.213
"331",9,"Late","Top",19,22.25,0.213
"332",9,"Late","Top",4,21.3,0.212
"333",9,"Late","Top",16,20.6,0.209
"334",9,"Late","Bottom",11,19.64,0.208
"335",9,"Late","Bottom",13,20.54,0.207
"336",9,"Late","Bottom",16,19.93,0.203
"337",9,"Late","Bottom",8,21,0.201
"338",9,"Late","Bottom",10,19.35,0.2
"339",9,"Late","Bottom",6,20.2,0.199
"340",9,"Late","Bottom",14,19.98,0.198
"341",9,"Late","Bottom",4,20.34,0.197
"342",9,"Late","Top",6,20.64,0.197
"343",9,"Late","Bottom",17,15.34,0.176
"344",9,"Late","Bottom",9,20.58,0.155
"345",9,"Late","Top",7,22.32,0.154
"346",9,"Late","Top",3,21.25,0.152
"347",9,"Late","Top",12,20.73,0.151
"348",9,"Late","Bottom",1,21.47,0.151
"349",9,"Late","Top",11,19.44,0.149
"350",9,"Late","Bottom",2,20.53,0.149
"351",9,"Late","Bottom",18,19.2,0.148
"352",9,"Late","Top",17,21.03,0.146
"353",9,"Late","Top",13,20.06,0.145
"354",9,"Late","Top",5,19.6,0.143
"355",9,"Late","Top",18,20.78,0.142
"356",9,"Late","Bottom",7,19.99,0.14
"357",9,"Late","Top",10,21.15,0.14
"358",9,"Late","Top",20,20.1,0.137
"359",9,"Late","Bottom",5,20.23,0.133
"360",9,"Late","Bottom",12,18.31,0.125
"361",10,"Late","Top",2,21.64,0.219
"362",10,"Late","Top",1,20.63,0.217
"363",10,"Late","Top",15,20.34,0.213
"364",10,"Late","Top",4,20.51,0.211
"365",10,"Late","Top",14,20.79,0.207
"366",10,"Late","Top",18,21.93,0.204
"367",10,"Late","Top",8,19.12,0.203
"368",10,"Late","Top",7,19.81,0.202
"369",10,"Late","Top",16,19.38,0.197
"370",10,"Late","Bottom",4,20.26,0.197
"371",10,"Late","Top",10,20.17,0.196
"372",10,"Late","Top",5,19.57,0.193
"373",10,"Late","Bottom",15,18.56,0.187
"374",10,"Late","Bottom",19,16.79,0.184
"375",10,"Late","Bottom",12,18.25,0.178
"376",10,"Late","Top",17,19.69,0.153
"377",10,"Late","Top",3,20.63,0.153
"378",10,"Late","Top",12,19.09,0.144
"379",10,"Late","Top",13,19.13,0.144
"380",10,"Late","Top",9,18.57,0.143
"381",10,"Late","Bottom",7,20.46,0.142
"382",10,"Late","Top",6,18.57,0.141
"383",10,"Late","Top",19,17.98,0.14
"384",10,"Late","Bottom",16,19.97,0.14
"385",10,"Late","Bottom",9,17.3,0.137
"386",10,"Late","Bottom",1,19.12,0.136
"387",10,"Late","Bottom",8,18.61,0.13
"388",10,"Late","Top",20,19.63,0.129
"389",10,"Late","Bottom",11,17.26,0.123
"390",10,"Late","Bottom",2,18.09,0.123
"391",10,"Late","Bottom",6,18.15,0.122
"392",10,"Late","Bottom",14,18.2,0.122
"393",10,"Late","Bottom",10,12.11,0.121
"394",10,"Late","Bottom",3,15.93,0.12
"395",10,"Late","Top",11,15.42,0.115
"396",10,"Late","Bottom",18,16.76,0.112
"397",10,"Late","Bottom",5,13.14,0.11
"398",10,"Late","Bottom",17,16.7,0.109
"401",11,"Late","Top",13,22.02,0.209
"402",11,"Late","Top",2,21.29,0.202
"403",11,"Late","Bottom",4,19.14,0.2
"404",11,"Late","Bottom",6,19.49,0.199
"405",11,"Late","Bottom",5,19.72,0.199
"406",11,"Late","Top",3,18.2,0.198
"407",11,"Late","Bottom",13,19.44,0.198
"408",11,"Late","Top",1,20.69,0.197
"409",11,"Late","Bottom",15,16.71,0.193
"410",11,"Late","Top",9,20.28,0.191
"411",11,"Late","Bottom",1,20.52,0.19
"412",11,"Late","Top",4,20.72,0.189
"413",11,"Late","Top",5,20.53,0.188
"414",11,"Late","Bottom",2,14.99,0.187
"415",11,"Late","Bottom",20,19.14,0.186
"416",11,"Late","Bottom",10,17.29,0.181
"417",11,"Late","Bottom",7,16.98,0.178
"418",11,"Late","Bottom",9,15.03,0.177
"419",11,"Late","Top",16,20.53,0.177
"420",11,"Late","Bottom",14,19.38,0.142
"421",11,"Late","Bottom",16,18.26,0.141
"422",11,"Late","Bottom",3,18.55,0.139
"423",11,"Late","Bottom",18,18.19,0.138
"424",11,"Late","Bottom",19,17.62,0.137
"425",11,"Late","Bottom",11,19.31,0.135
"426",11,"Late","Top",10,20.14,0.134
"427",11,"Late","Bottom",17,17.25,0.132
"428",11,"Late","Top",8,19.5,0.126
"429",11,"Late","Top",14,20.38,0.126
"430",11,"Late","Top",7,15.92,0.125
"431",11,"Late","Top",12,17.24,0.125
"432",11,"Late","Top",15,19.16,0.124
"433",11,"Late","Top",11,16.51,0.123
"434",11,"Late","Bottom",8,15.1,0.122
"435",11,"Late","Top",6,17.22,0.122
"436",11,"Late","Bottom",12,17.79,0.12
"441",12,"Late","Top",9,20.03,0.235
"442",12,"Late","Bottom",11,21,0.228
"443",12,"Late","Bottom",3,20.67,0.221
"444",12,"Late","Bottom",14,21.18,0.22
"445",12,"Late","Top",4,19.85,0.215
"446",12,"Late","Top",3,20.34,0.212
"447",12,"Late","Bottom",16,20.98,0.212
"448",12,"Late","Bottom",12,19.85,0.211
"449",12,"Late","Bottom",8,18.84,0.209
"450",12,"Late","Top",11,21.07,0.208
"451",12,"Late","Top",5,21.24,0.208
"452",12,"Late","Top",2,21.74,0.208
"453",12,"Late","Bottom",20,20.95,0.204
"454",12,"Late","Bottom",1,20.98,0.201
"455",12,"Late","Top",12,20.94,0.2
"456",12,"Late","Bottom",18,19.76,0.197
"457",12,"Late","Bottom",10,20.01,0.197
"458",12,"Late","Top",10,19.5,0.161
"459",12,"Late","Top",1,20.16,0.158
"460",12,"Late","Top",8,20.84,0.158
"461",12,"Late","Bottom",13,20.21,0.155
"462",12,"Late","Bottom",5,20.56,0.154
"463",12,"Late","Top",6,20.77,0.152
"464",12,"Late","Top",7,19.31,0.15
"465",12,"Late","Bottom",19,20.1,0.149
"466",12,"Late","Bottom",4,19.36,0.148
"467",12,"Late","Bottom",15,20.07,0.146
"468",12,"Late","Bottom",17,18.64,0.143
"469",12,"Late","Bottom",7,17.99,0.141
"470",12,"Late","Bottom",2,19.47,0.139
"471",12,"Late","Bottom",9,19.67,0.138
"472",12,"Late","Top",13,19.25,0.13
"473",12,"Late","Bottom",6,18.9,0.126
"481",13,"Late","Bottom",12,22.19,0.23
"482",13,"Late","Bottom",11,23.79,0.23
"483",13,"Late","Bottom",19,23.33,0.227
"484",13,"Late","Bottom",15,20.38,0.22
"485",13,"Late","Bottom",2,21.22,0.217
"486",13,"Late","Bottom",20,20.92,0.216
"487",13,"Late","Top",12,23.09,0.215
"488",13,"Late","Bottom",14,21.01,0.214
"489",13,"Late","Bottom",5,21.82,0.214
"490",13,"Late","Top",10,23.21,0.214
"491",13,"Late","Bottom",1,21.31,0.212
"492",13,"Late","Bottom",4,22.78,0.212
"493",13,"Late","Top",3,22.01,0.209
"494",13,"Late","Top",9,22.64,0.208
"495",13,"Late","Top",19,22.64,0.208
"496",13,"Late","Top",2,21.2,0.206
"497",13,"Late","Top",18,21.86,0.205
"498",13,"Late","Bottom",13,21.18,0.2
"499",13,"Late","Top",1,21.59,0.2
"500",13,"Late","Top",6,21.4,0.196
"501",13,"Late","Bottom",18,21.39,0.167
"502",13,"Late","Bottom",6,20.64,0.161
"503",13,"Late","Top",13,22.97,0.161
"504",13,"Late","Bottom",10,20.11,0.157
"505",13,"Late","Bottom",3,21.5,0.156
"506",13,"Late","Top",14,21.18,0.155
"507",13,"Late","Bottom",7,20.88,0.154
"508",13,"Late","Bottom",16,21.24,0.153
"509",13,"Late","Top",17,20.35,0.152
"510",13,"Late","Top",5,22.48,0.15
"511",13,"Late","Bottom",17,20.08,0.143
"512",13,"Late","Bottom",8,19.94,0.142
"513",13,"Late","Top",16,20.04,0.141
"514",13,"Late","Top",7,20.88,0.141
"515",13,"Late","Top",4,20.31,0.14
"516",13,"Late","Top",20,20.04,0.138
"517",13,"Late","Top",15,19.94,0.137
"518",13,"Late","Top",8,19.63,0.135
"519",13,"Late","Bottom",9,18.04,0.131
"520",13,"Late","Top",11,23.39,0.126
"521",14,"Late","Bottom",20,20.19,0.206
"522",14,"Late","Bottom",7,19.01,0.199
"523",14,"Late","Bottom",4,18.3,0.191
"524",14,"Late","Top",7,20.08,0.19
"525",14,"Late","Bottom",16,20.82,0.188
"526",14,"Late","Top",2,17.33,0.187
"527",14,"Late","Bottom",5,17.16,0.185
"528",14,"Late","Top",6,19.84,0.185
"529",14,"Late","Bottom",8,17.8,0.184
"530",14,"Late","Bottom",14,18.95,0.18
"531",14,"Late","Bottom",3,15.33,0.179
"532",14,"Late","Top",3,18.9,0.175
"533",14,"Late","Bottom",2,19.49,0.175
"534",14,"Late","Bottom",6,19.94,0.141
"535",14,"Late","Bottom",1,18.49,0.139
"536",14,"Late","Bottom",13,18.41,0.134
"537",14,"Late","Bottom",18,18.67,0.133
"538",14,"Late","Bottom",11,18.7,0.13
"539",14,"Late","Top",4,18.78,0.13
"540",14,"Late","Bottom",15,19.21,0.13
"541",14,"Late","Bottom",17,17.47,0.129
"542",14,"Late","Top",5,20.16,0.129
"543",14,"Late","Top",1,17.65,0.128
"544",14,"Late","Bottom",19,18.65,0.126
"545",14,"Late","Bottom",9,16.37,0.125
"546",14,"Late","Bottom",12,18.09,0.124
"547",14,"Late","Bottom",10,15.13,0.12
"561",15,"Late","Top",1,24.27,0.234
"562",15,"Late","Top",12,23.24,0.23
"563",15,"Late","Bottom",13,22.65,0.229
"564",15,"Late","Bottom",18,22.13,0.228
"565",15,"Late","Bottom",12,22.54,0.227
"566",15,"Late","Top",5,22.39,0.226
"567",15,"Late","Bottom",8,21.12,0.225
"568",15,"Late","Top",4,23.67,0.223
"569",15,"Late","Bottom",2,21.65,0.222
"570",15,"Late","Bottom",5,22.7,0.222
"571",15,"Late","Bottom",3,22.68,0.219
"572",15,"Late","Top",7,24.8,0.219
"573",15,"Late","Top",17,23.21,0.216
"574",15,"Late","Bottom",17,22.11,0.214
"575",15,"Late","Bottom",20,22.38,0.211
"576",15,"Late","Top",20,22.87,0.211
"577",15,"Late","Top",11,22.19,0.21
"578",15,"Late","Bottom",15,22.33,0.21
"579",15,"Late","Top",10,23.19,0.21
"580",15,"Late","Bottom",10,22.1,0.208
"581",15,"Late","Top",13,21.12,0.207
"582",15,"Late","Top",14,18.64,0.198
"583",15,"Late","Top",3,21.41,0.193
"584",15,"Late","Top",16,22.19,0.159
"585",15,"Late","Top",8,20.97,0.158
"586",15,"Late","Bottom",7,20.23,0.155
"587",15,"Late","Bottom",11,20.36,0.154
"588",15,"Late","Top",18,23.67,0.154
"589",15,"Late","Bottom",1,20.54,0.151
"590",15,"Late","Bottom",19,20.38,0.148
"591",15,"Late","Top",15,20.91,0.146
"592",15,"Late","Top",2,22.11,0.146
"593",15,"Late","Bottom",16,20.35,0.145
"594",15,"Late","Bottom",9,20.79,0.145
"595",15,"Late","Top",6,21.81,0.144
"596",15,"Late","Top",9,21.53,0.142
"597",15,"Late","Bottom",4,19.97,0.14
"598",15,"Late","Bottom",6,21.19,0.14
"599",15,"Late","Top",19,18.76,0.138
"600",15,"Late","Bottom",14,21.33,0.138
"601",16,"Early","Top",5,22.01,0.205
"602",16,"Early","Bottom",11,21.35,0.201
"603",16,"Early","Bottom",4,20.97,0.2
"604",16,"Early","Bottom",2,20.29,0.199
"605",16,"Early","Top",12,19.68,0.198
"606",16,"Early","Bottom",6,21.48,0.197
"607",16,"Early","Top",10,20.86,0.196
"608",16,"Early","Top",14,14.39,0.194
"609",16,"Early","Bottom",18,19.91,0.193
"610",16,"Early","Top",2,23.13,0.193
"611",16,"Early","Bottom",8,20.15,0.191
"612",16,"Early","Bottom",12,19.23,0.19
"613",16,"Early","Bottom",15,20.17,0.19
"614",16,"Early","Top",4,20.92,0.187
"615",16,"Early","Top",3,18.13,0.182
"616",16,"Early","Bottom",20,19.97,0.181
"617",16,"Early","Top",1,17.96,0.179
"618",16,"Early","Top",15,16.6,0.176
"619",16,"Early","Top",9,16.79,0.176
"620",16,"Early","Top",16,17.26,0.176
"621",16,"Early","Top",13,16.87,0.173
"622",16,"Early","Bottom",16,20.64,0.144
"623",16,"Early","Bottom",7,20.83,0.141
"624",16,"Early","Bottom",17,20,0.14
"625",16,"Early","Bottom",19,21.05,0.138
"626",16,"Early","Bottom",10,19.86,0.137
"627",16,"Early","Bottom",9,18.52,0.135
"628",16,"Early","Bottom",14,20.43,0.134
"629",16,"Early","Bottom",5,19.63,0.133
"630",16,"Early","Bottom",3,20.51,0.133
"631",16,"Early","Bottom",1,19.32,0.132
"632",16,"Early","Bottom",13,18.13,0.131
"633",16,"Early","Top",20,18.38,0.13
"634",16,"Early","Top",18,18.48,0.13
"635",16,"Early","Top",17,18.7,0.129
"636",16,"Early","Top",8,17.89,0.127
"637",16,"Early","Top",7,20.8,0.126
"638",16,"Early","Top",11,18.41,0.124
"639",16,"Early","Top",6,19.33,0.122
"640",16,"Early","Top",19,17.35,0.113
"641",17,"Early","Bottom",1,23.78,0.217
"642",17,"Early","Bottom",4,22.31,0.211
"643",17,"Early","Bottom",5,22.69,0.21
"644",17,"Early","Bottom",15,22.68,0.208
"645",17,"Early","Top",1,22.42,0.207
"646",17,"Early","Bottom",3,22.71,0.207
"647",17,"Early","Bottom",20,23.32,0.206
"648",17,"Early","Top",10,21.65,0.203
"649",17,"Early","Top",12,22.94,0.203
"650",17,"Early","Top",2,21.52,0.202
"651",17,"Early","Top",17,21.52,0.201
"652",17,"Early","Bottom",6,22.87,0.201
"653",17,"Early","Top",6,23.53,0.201
"654",17,"Early","Top",19,22.38,0.2
"655",17,"Early","Top",8,22.13,0.199
"656",17,"Early","Top",4,21.5,0.198
"657",17,"Early","Bottom",2,22.06,0.154
"658",17,"Early","Bottom",16,22.53,0.15
"659",17,"Early","Bottom",12,22.05,0.148
"660",17,"Early","Bottom",11,19.71,0.145
"661",17,"Early","Top",13,21.04,0.145
"662",17,"Early","Bottom",8,20.66,0.143
"663",17,"Early","Bottom",10,20.66,0.143
"664",17,"Early","Top",14,21.52,0.143
"665",17,"Early","Bottom",17,19.75,0.142
"666",17,"Early","Top",11,20.52,0.142
"667",17,"Early","Bottom",7,21.25,0.142
"668",17,"Early","Top",15,21.53,0.142
"669",17,"Early","Bottom",18,20.92,0.141
"670",17,"Early","Bottom",9,20.33,0.14
"671",17,"Early","Bottom",14,20.89,0.14
"672",17,"Early","Top",9,21.71,0.139
"673",17,"Early","Bottom",19,20.2,0.137
"674",17,"Early","Top",3,21.68,0.137
"675",17,"Early","Bottom",13,21.33,0.136
"676",17,"Early","Top",16,21.16,0.135
"677",17,"Early","Top",7,20.46,0.134
"678",17,"Early","Top",5,20.76,0.132
"679",17,"Early","Top",18,19.08,0.131
"680",17,"Early","Top",20,20.52,0.129
"681",18,"Early","Bottom",6,22.49,0.215
"682",18,"Early","Top",10,22.85,0.213
"683",18,"Early","Top",16,23.39,0.21
"684",18,"Early","Top",8,21.29,0.208
"685",18,"Early","Top",1,21.84,0.206
"686",18,"Early","Top",17,22.62,0.204
"687",18,"Early","Bottom",1,19.78,0.201
"688",18,"Early","Top",11,21.19,0.199
"689",18,"Early","Bottom",4,19.4,0.193
"690",18,"Early","Bottom",5,20.41,0.147
"691",18,"Early","Top",9,20.73,0.146
"692",18,"Early","Top",20,21.09,0.145
"693",18,"Early","Top",6,21.21,0.145
"694",18,"Early","Top",4,20.62,0.144
"695",18,"Early","Top",15,21.46,0.143
"696",18,"Early","Top",3,20.51,0.142
"697",18,"Early","Top",19,18.17,0.141
"698",18,"Early","Bottom",2,21.4,0.141
"699",18,"Early","Top",2,19.95,0.14
"700",18,"Early","Top",13,20.55,0.139
"701",18,"Early","Top",14,20.32,0.138
"702",18,"Early","Top",18,20.33,0.138
"703",18,"Early","Top",12,20.62,0.136
"704",18,"Early","Top",7,20.29,0.135
"705",18,"Early","Bottom",8,19.18,0.133
"706",18,"Early","Bottom",3,18.93,0.132
"707",18,"Early","Top",5,20.69,0.128
"721",19,"Early","Bottom",17,21.94,0.213
"722",19,"Early","Top",6,21.43,0.207
"723",19,"Early","Bottom",2,21.64,0.207
"724",19,"Early","Top",11,22.24,0.207
"725",19,"Early","Bottom",20,21.59,0.205
"726",19,"Early","Top",15,22.83,0.205
"727",19,"Early","Top",3,21.69,0.201
"728",19,"Early","Top",20,21.26,0.199
"729",19,"Early","Top",2,22.08,0.199
"730",19,"Early","Top",18,22.07,0.196
"731",19,"Early","Bottom",15,22.31,0.196
"732",19,"Early","Bottom",8,19.36,0.195
"733",19,"Early","Bottom",4,18.82,0.194
"734",19,"Early","Bottom",5,20.15,0.194
"735",19,"Early","Top",7,21.41,0.192
"736",19,"Early","Top",10,21.03,0.191
"737",19,"Early","Top",12,20.72,0.188
"738",19,"Early","Top",16,20.79,0.185
"739",19,"Early","Bottom",16,16.08,0.174
"740",19,"Early","Bottom",13,21.53,0.158
"741",19,"Early","Bottom",11,20.77,0.152
"742",19,"Early","Top",1,22.31,0.147
"743",19,"Early","Bottom",6,20.25,0.146
"744",19,"Early","Bottom",14,19.22,0.145
"745",19,"Early","Bottom",3,21.3,0.145
"746",19,"Early","Bottom",12,19.91,0.141
"747",19,"Early","Bottom",19,20.11,0.141
"748",19,"Early","Bottom",7,20.13,0.14
"749",19,"Early","Top",4,20,0.138
"750",19,"Early","Bottom",9,19.14,0.137
"751",19,"Early","Bottom",18,19.78,0.136
"752",19,"Early","Bottom",1,20.2,0.135
"753",19,"Early","Top",17,20.19,0.132
"754",19,"Early","Top",13,19.84,0.131
"755",19,"Early","Top",19,19.19,0.128
"756",19,"Early","Top",14,20.22,0.127
"757",19,"Early","Top",5,18.78,0.124
"758",19,"Early","Top",8,20.26,0.123
"759",19,"Early","Top",9,18.21,0.12
"760",19,"Early","Bottom",10,20.04,0.092
"761",20,"Late","Bottom",10,22.35,0.222
"762",20,"Late","Bottom",14,22.18,0.218
"763",20,"Late","Bottom",12,22.93,0.217
"764",20,"Late","Bottom",17,21.47,0.214
"765",20,"Late","Bottom",19,21.29,0.213
"766",20,"Late","Bottom",11,22.08,0.213
"767",20,"Late","Bottom",9,21.58,0.212
"768",20,"Late","Bottom",7,22.32,0.211
"769",20,"Late","Top",1,22.52,0.211
"770",20,"Late","Top",17,22.88,0.211
"771",20,"Late","Bottom",18,22.22,0.21
"772",20,"Late","Top",18,23.24,0.209
"773",20,"Late","Top",15,23.64,0.207
"774",20,"Late","Bottom",16,21.85,0.206
"775",20,"Late","Top",12,22.77,0.206
"776",20,"Late","Bottom",20,22.96,0.206
"777",20,"Late","Top",11,23.48,0.205
"778",20,"Late","Top",16,20.92,0.204
"779",20,"Late","Top",5,22.33,0.204
"780",20,"Late","Top",9,23.39,0.201
"781",20,"Late","Bottom",13,17.14,0.199
"782",20,"Late","Bottom",15,18.8,0.197
"783",20,"Late","Bottom",8,21,0.193
"784",20,"Late","Top",2,20.91,0.153
"785",20,"Late","Bottom",3,18.89,0.152
"786",20,"Late","Bottom",6,21.02,0.152
"787",20,"Late","Bottom",5,22.87,0.149
"788",20,"Late","Bottom",2,20.26,0.147
"789",20,"Late","Bottom",1,18.48,0.146
"790",20,"Late","Top",8,23,0.146
"791",20,"Late","Top",4,21.44,0.145
"792",20,"Late","Top",3,20.9,0.144
"793",20,"Late","Top",10,20.25,0.143
"794",20,"Late","Bottom",4,20.56,0.143
"795",20,"Late","Top",14,22.18,0.141
"796",20,"Late","Top",13,21.46,0.14
"797",20,"Late","Top",6,22.96,0.14
"798",20,"Late","Top",20,21.33,0.139
"799",20,"Late","Top",19,19.35,0.135
"800",20,"Late","Top",7,19.81,0.133
"801",21,"Late","Top",3,21.41,0.228
"802",21,"Late","Top",4,22.81,0.226
"803",21,"Late","Top",1,23.2,0.224
"804",21,"Late","Top",2,23.34,0.224
"805",21,"Late","Top",11,21.37,0.222
"806",21,"Late","Top",8,21.6,0.221
"807",21,"Late","Top",18,23.16,0.22
"808",21,"Late","Top",6,22.05,0.216
"809",21,"Late","Top",7,22.85,0.215
"810",21,"Late","Top",16,22.92,0.215
"811",21,"Late","Top",12,22.07,0.214
"812",21,"Late","Top",10,22.7,0.214
"813",21,"Late","Top",13,22.51,0.213
"814",21,"Late","Bottom",11,21.82,0.212
"815",21,"Late","Bottom",17,22.51,0.212
"816",21,"Late","Top",9,22.32,0.211
"817",21,"Late","Bottom",18,24.21,0.211
"818",21,"Late","Bottom",7,22.63,0.21
"819",21,"Late","Top",19,22.79,0.21
"820",21,"Late","Bottom",16,20.97,0.207
"821",21,"Late","Bottom",9,23.12,0.206
"822",21,"Late","Bottom",19,22.97,0.205
"823",21,"Late","Bottom",8,23.22,0.205
"824",21,"Late","Bottom",13,21.86,0.201
"825",21,"Late","Bottom",6,21.04,0.192
"826",21,"Late","Bottom",2,20.8,0.19
"827",21,"Late","Bottom",4,19.17,0.186
"828",21,"Late","Top",5,22.03,0.169
"829",21,"Late","Top",15,20.72,0.167
"830",21,"Late","Top",17,21.91,0.158
"831",21,"Late","Top",14,21.36,0.156
"832",21,"Late","Top",20,20.6,0.151
"833",21,"Late","Bottom",3,21.15,0.144
"834",21,"Late","Bottom",15,19.95,0.141
"835",21,"Late","Bottom",1,20.81,0.141
"836",21,"Late","Bottom",5,19.95,0.14
"837",21,"Late","Bottom",12,21.3,0.136
"838",21,"Late","Bottom",20,21.6,0.134
"839",21,"Late","Bottom",10,18.16,0.127
"840",21,"Late","Bottom",14,19.91,0.126
"841",22,"Late","Bottom",10,21.92,0.205
"842",22,"Late","Top",3,23.5,0.205
"843",22,"Late","Bottom",6,21.6,0.202
"844",22,"Late","Bottom",19,22.89,0.202
"845",22,"Late","Bottom",11,23.25,0.202
"846",22,"Late","Bottom",7,22.47,0.201
"847",22,"Late","Bottom",16,21.62,0.199
"848",22,"Late","Bottom",2,21.69,0.199
"849",22,"Late","Top",7,23.32,0.199
"850",22,"Late","Bottom",18,21.25,0.197
"851",22,"Late","Bottom",9,22.19,0.196
"852",22,"Late","Bottom",8,21.91,0.193
"853",22,"Late","Bottom",20,21.32,0.19
"854",22,"Late","Top",8,19.74,0.186
"855",22,"Late","Bottom",4,20.95,0.185
"856",22,"Late","Top",2,22.17,0.149
"857",22,"Late","Top",4,20.92,0.147
"858",22,"Late","Top",9,20.52,0.146
"859",22,"Late","Top",10,20.94,0.142
"860",22,"Late","Bottom",13,19.97,0.138
"861",22,"Late","Bottom",1,21.18,0.138
"862",22,"Late","Top",6,20.99,0.136
"863",22,"Late","Bottom",3,21.13,0.131
"864",22,"Late","Top",5,21.43,0.131
"865",22,"Late","Top",1,18.24,0.13
"866",22,"Late","Bottom",12,21.98,0.13
"867",22,"Late","Bottom",14,20.06,0.129
"868",22,"Late","Bottom",5,19.15,0.128
"869",22,"Late","Bottom",17,19.61,0.128
"870",22,"Late","Bottom",15,16.96,0.122
"881",23,"Late","Top",12,22.37,0.216
"882",23,"Late","Bottom",7,22.31,0.213
"883",23,"Late","Top",16,23.32,0.213
"884",23,"Late","Bottom",3,23.51,0.212
"885",23,"Late","Top",5,21.88,0.21
"886",23,"Late","Top",10,22.26,0.21
"887",23,"Late","Top",17,21.84,0.209
"888",23,"Late","Bottom",18,20.96,0.208
"889",23,"Late","Bottom",2,23.19,0.203
"890",23,"Late","Bottom",9,21.43,0.201
"891",23,"Late","Top",3,22.38,0.199
"892",23,"Late","Bottom",5,20.35,0.198
"893",23,"Late","Bottom",20,20.35,0.197
"894",23,"Late","Bottom",16,21.64,0.197
"895",23,"Late","Bottom",13,19.96,0.196
"896",23,"Late","Bottom",19,20.22,0.196
"897",23,"Late","Top",7,22.6,0.151
"898",23,"Late","Top",18,22.89,0.151
"899",23,"Late","Bottom",4,21.09,0.15
"900",23,"Late","Top",1,21.6,0.15
"901",23,"Late","Top",14,20.47,0.149
"902",23,"Late","Top",11,21.63,0.149
"903",23,"Late","Top",6,21.7,0.149
"904",23,"Late","Top",13,20.37,0.148
"905",23,"Late","Top",2,21.15,0.148
"906",23,"Late","Top",8,21.2,0.148
"907",23,"Late","Top",20,21.29,0.147
"908",23,"Late","Bottom",17,21.4,0.146
"909",23,"Late","Top",15,20.94,0.143
"910",23,"Late","Bottom",6,21.22,0.143
"911",23,"Late","Top",9,19.56,0.142
"912",23,"Late","Bottom",14,19.98,0.141
"913",23,"Late","Bottom",10,20.11,0.139
"914",23,"Late","Top",19,20.98,0.139
"915",23,"Late","Bottom",8,19.84,0.138
"916",23,"Late","Bottom",15,20.4,0.134
"917",23,"Late","Bottom",1,19.16,0.133
"918",23,"Late","Bottom",11,21.32,0.133
"919",23,"Late","Bottom",12,19.41,0.132
"920",23,"Late","Top",4,19.39,0.125
"921",24,"Late","Bottom",10,23.39,0.215
"922",24,"Late","Bottom",7,23.15,0.212
"923",24,"Late","Bottom",15,22.29,0.209
"924",24,"Late","Bottom",4,22.55,0.208
"925",24,"Late","Bottom",6,22.67,0.208
"926",24,"Late","Top",14,24.23,0.207
"927",24,"Late","Bottom",1,21.78,0.206
"928",24,"Late","Top",1,22.94,0.202
"929",24,"Late","Bottom",20,23.43,0.202
"930",24,"Late","Top",4,23.72,0.202
"931",24,"Late","Top",5,21.5,0.2
"932",24,"Late","Top",17,21.76,0.2
"933",24,"Late","Top",16,22.16,0.198
"934",24,"Late","Bottom",17,21.41,0.194
"935",24,"Late","Top",13,21.74,0.192
"936",24,"Late","Bottom",5,20.12,0.189
"937",24,"Late","Top",20,20.61,0.187
"938",24,"Late","Top",3,20.83,0.184
"939",24,"Late","Bottom",14,21.11,0.15
"940",24,"Late","Bottom",12,20.73,0.149
"941",24,"Late","Bottom",11,21.88,0.149
"942",24,"Late","Bottom",18,20.95,0.146
"943",24,"Late","Top",10,21.46,0.146
"944",24,"Late","Top",8,22.46,0.145
"945",24,"Late","Bottom",16,20.62,0.144
"946",24,"Late","Bottom",2,21.73,0.144
"947",24,"Late","Bottom",3,20.3,0.143
"948",24,"Late","Bottom",9,20.48,0.142
"949",24,"Late","Bottom",19,20.57,0.14
"950",24,"Late","Bottom",13,20.72,0.14
"951",24,"Late","Top",2,19.62,0.137
"952",24,"Late","Top",15,22.18,0.137
"953",24,"Late","Top",18,19.2,0.136
"954",24,"Late","Top",19,21.26,0.136
"955",24,"Late","Top",11,20.42,0.135
"956",24,"Late","Bottom",8,22.5,0.134
"957",24,"Late","Top",7,19.77,0.13
"958",24,"Late","Top",6,20.31,0.13
"959",24,"Late","Top",12,16.48,0.123
"960",24,"Late","Top",9,20.04,0.123
"962",25,"Late","Top",1,22.8,0.239
"963",25,"Late","Top",5,22.17,0.222
"964",25,"Late","Top",8,24.34,0.212
"965",25,"Late","Bottom",17,23.61,0.21
"966",25,"Late","Top",6,21.86,0.209
"967",25,"Late","Bottom",10,22.85,0.206
"968",25,"Late","Bottom",15,21.92,0.204
"969",25,"Late","Top",12,20.83,0.202
"970",25,"Late","Bottom",5,22.56,0.201
"971",25,"Late","Bottom",8,22.56,0.2
"972",25,"Late","Bottom",13,24.12,0.2
"973",25,"Late","Bottom",16,22.63,0.194
"974",25,"Late","Bottom",2,19.96,0.19
"975",25,"Late","Bottom",18,20.76,0.187
"976",25,"Late","Top",4,21.34,0.187
"977",25,"Late","Bottom",11,19.83,0.184
"978",25,"Late","Top",9,17.82,0.177
"979",25,"Late","Top",2,22.48,0.151
"980",25,"Late","Bottom",1,21.16,0.15
"981",25,"Late","Top",3,22.54,0.148
"982",25,"Late","Top",11,20.17,0.146
"983",25,"Late","Bottom",3,21.6,0.146
"984",25,"Late","Bottom",7,19.67,0.145
"985",25,"Late","Bottom",12,21.96,0.145
"986",25,"Late","Bottom",9,21.04,0.144
"987",25,"Late","Bottom",20,20.45,0.141
"988",25,"Late","Bottom",4,19.7,0.139
"989",25,"Late","Top",7,21.55,0.138
"990",25,"Late","Top",10,20.05,0.135
"991",25,"Late","Bottom",19,19.05,0.12
"992",25,"Late","Bottom",6,19.28,0.12
"1001",26,"Late","Top",11,21.97,0.329
"1002",26,"Late","Bottom",7,20.81,0.226
"1003",26,"Late","Bottom",16,23.39,0.22
"1004",26,"Late","Bottom",4,23.05,0.219
"1005",26,"Late","Bottom",12,23.16,0.213
"1006",26,"Late","Top",6,24.28,0.212
"1007",26,"Late","Top",20,22.95,0.211
"1008",26,"Late","Top",5,22.06,0.21
"1009",26,"Late","Bottom",3,22.63,0.208
"1010",26,"Late","Bottom",5,22.58,0.207
"1011",26,"Late","Top",14,23.79,0.207
"1012",26,"Late","Bottom",10,22.7,0.206
"1013",26,"Late","Top",17,23.11,0.205
"1014",26,"Late","Top",13,22.94,0.203
"1015",26,"Late","Top",16,24.09,0.202
"1016",26,"Late","Top",1,23.07,0.201
"1017",26,"Late","Top",2,21.13,0.196
"1018",26,"Late","Top",7,22.15,0.193
"1019",26,"Late","Top",9,22.37,0.193
"1020",26,"Late","Top",12,20.95,0.186
"1021",26,"Late","Bottom",9,21.75,0.149
"1022",26,"Late","Bottom",18,22.14,0.146
"1023",26,"Late","Top",4,21.81,0.145
"1024",26,"Late","Bottom",15,22.03,0.145
"1025",26,"Late","Top",3,20.86,0.144
"1026",26,"Late","Bottom",19,20.24,0.143
"1027",26,"Late","Top",18,20.62,0.142
"1028",26,"Late","Bottom",17,20.81,0.142
"1029",26,"Late","Top",15,20.94,0.142
"1030",26,"Late","Bottom",11,19.75,0.141
"1031",26,"Late","Bottom",2,21.36,0.141
"1032",26,"Late","Bottom",20,20.13,0.139
"1033",26,"Late","Top",8,20.95,0.139
"1034",26,"Late","Bottom",6,19.59,0.138
"1035",26,"Late","Bottom",13,19.71,0.136
"1036",26,"Late","Bottom",8,18.91,0.134
"1037",26,"Late","Top",10,21.88,0.133
"1038",26,"Late","Top",19,19.48,0.13
"1039",26,"Late","Bottom",14,16.04,0.128
"1040",26,"Late","Bottom",1,17.94,0.126
"1041",27,"Late","Top",13,24.55,0.218
"1042",27,"Late","Top",12,23.18,0.217
"1043",27,"Late","Top",18,22.83,0.215
"1044",27,"Late","Top",5,24.68,0.214
"1045",27,"Late","Bottom",5,23.01,0.212
"1046",27,"Late","Bottom",9,23.1,0.211
"1047",27,"Late","Top",2,21.84,0.209
"1048",27,"Late","Top",4,22.9,0.209
"1049",27,"Late","Top",17,22.31,0.208
"1050",27,"Late","Top",19,23.91,0.207
"1051",27,"Late","Bottom",2,23.57,0.202
"1052",27,"Late","Top",1,17.79,0.187
"1053",27,"Late","Top",9,22.16,0.158
"1054",27,"Late","Bottom",1,21.44,0.155
"1055",27,"Late","Bottom",7,21.77,0.155
"1056",27,"Late","Top",14,23.62,0.155
"1057",27,"Late","Top",10,21.9,0.153
"1058",27,"Late","Bottom",3,21.68,0.152
"1059",27,"Late","Top",6,21.86,0.152
"1060",27,"Late","Bottom",11,23.4,0.152
"1061",27,"Late","Bottom",10,21.01,0.151
"1062",27,"Late","Bottom",13,22,0.151
"1063",27,"Late","Bottom",12,20.25,0.15
"1064",27,"Late","Top",15,21.24,0.15
"1065",27,"Late","Bottom",4,22.95,0.149
"1066",27,"Late","Top",16,22.09,0.148
"1067",27,"Late","Bottom",8,21.3,0.147
"1068",27,"Late","Top",8,21.51,0.146
"1069",27,"Late","Top",11,20.72,0.145
"1070",27,"Late","Top",7,21.97,0.145
"1071",27,"Late","Top",3,20.15,0.14
"1072",27,"Late","Bottom",6,21.79,0.139
"1073",27,"Late","Top",20,19.8,0.136
"1074",27,"Late","Bottom",14,22.74,0.126
"1081",28,"Late","Bottom",10,20.86,0.215
"1082",28,"Late","Bottom",3,22.56,0.215
"1083",28,"Late","Bottom",5,22.33,0.214
"1084",28,"Late","Bottom",6,22.55,0.213
"1085",28,"Late","Bottom",18,21.05,0.211
"1086",28,"Late","Top",5,22.95,0.209
"1087",28,"Late","Bottom",19,21.15,0.207
"1088",28,"Late","Top",17,22.37,0.206
"1089",28,"Late","Bottom",7,20.39,0.205
"1090",28,"Late","Top",7,22.25,0.204
"1091",28,"Late","Top",16,19.6,0.202
"1092",28,"Late","Top",18,23.27,0.201
"1093",28,"Late","Top",8,21.2,0.199
"1094",28,"Late","Bottom",20,22.66,0.198
"1095",28,"Late","Bottom",12,21.27,0.196
"1096",28,"Late","Top",4,19.59,0.189
"1097",28,"Late","Bottom",14,20.63,0.153
"1098",28,"Late","Top",13,20.27,0.15
"1099",28,"Late","Bottom",1,21.15,0.15
"1100",28,"Late","Bottom",8,20.38,0.149
"1101",28,"Late","Bottom",2,18.09,0.148
"1102",28,"Late","Bottom",13,20,0.147
"1103",28,"Late","Top",14,20.31,0.146
"1104",28,"Late","Bottom",9,19.28,0.143
"1105",28,"Late","Top",19,21.23,0.143
"1106",28,"Late","Top",3,20.24,0.14
"1107",28,"Late","Top",11,18.88,0.139
"1108",28,"Late","Bottom",11,19.62,0.138
"1109",28,"Late","Top",2,19.96,0.138
"1110",28,"Late","Top",20,20.39,0.138
"1111",28,"Late","Bottom",16,20.62,0.137
"1112",28,"Late","Bottom",15,18.27,0.136
"1113",28,"Late","Top",15,20.19,0.136
"1114",28,"Late","Top",6,21.17,0.134
"1115",28,"Late","Top",9,20.53,0.132
"1116",28,"Late","Top",12,19.45,0.13
"1117",28,"Late","Bottom",17,16.54,0.129
"1118",28,"Late","Top",1,20.88,0.128
"1119",28,"Late","Bottom",4,20.27,0.125
"1120",28,"Late","Top",10,15.08,0.115
"1121",29,"Late","Bottom",2,22.03,0.21
"1122",29,"Late","Bottom",16,23.19,0.208
"1123",29,"Late","Top",4,21.77,0.207
"1124",29,"Late","Bottom",7,20.67,0.206
"1125",29,"Late","Bottom",3,23.21,0.204
"1126",29,"Late","Top",12,21.35,0.199
"1127",29,"Late","Top",5,21.92,0.195
"1128",29,"Late","Top",11,19.94,0.189
"1129",29,"Late","Bottom",11,20.88,0.189
"1130",29,"Late","Top",14,19.27,0.185
"1131",29,"Late","Bottom",18,19.35,0.184
"1132",29,"Late","Top",19,19.82,0.182
"1133",29,"Late","Top",20,19.02,0.18
"1134",29,"Late","Top",3,17.76,0.177
"1135",29,"Late","Top",7,17.39,0.173
"1136",29,"Late","Bottom",8,21.07,0.151
"1137",29,"Late","Bottom",4,21.61,0.15
"1138",29,"Late","Top",13,21.44,0.148
"1139",29,"Late","Bottom",5,21.84,0.147
"1140",29,"Late","Bottom",9,20.36,0.146
"1141",29,"Late","Bottom",1,20.36,0.145
"1142",29,"Late","Bottom",12,20.48,0.144
"1143",29,"Late","Top",2,22.34,0.144
"1144",29,"Late","Top",1,20.34,0.143
"1145",29,"Late","Bottom",14,19.41,0.14
"1146",29,"Late","Top",10,19.41,0.139
"1147",29,"Late","Bottom",10,19.65,0.138
"1148",29,"Late","Bottom",17,20.63,0.138
"1149",29,"Late","Bottom",15,21.12,0.138
"1150",29,"Late","Top",9,19.05,0.132
"1151",29,"Late","Top",8,20.1,0.132
"1152",29,"Late","Bottom",6,19.98,0.131
"1153",29,"Late","Top",6,19.61,0.129
"1154",29,"Late","Bottom",13,20.41,0.128
"1155",29,"Late","Top",17,17.86,0.126
"1156",29,"Late","Top",16,19.05,0.126
"1157",29,"Late","Bottom",20,19.45,0.126
"1158",29,"Late","Top",18,19.52,0.121
"1159",29,"Late","Top",15,15.65,0.118
"1160",29,"Late","Bottom",19,15.53,0.11
"1161",30,"Late","Top",9,23.42,0.219
"1162",30,"Late","Top",11,22.42,0.21
"1163",30,"Late","Top",15,22.65,0.21
"1164",30,"Late","Top",6,23.28,0.21
"1165",30,"Late","Top",10,21.53,0.209
"1166",30,"Late","Top",13,22.7,0.209
"1167",30,"Late","Top",18,22.56,0.207
"1168",30,"Late","Bottom",9,21.22,0.206
"1169",30,"Late","Bottom",12,22.28,0.206
"1170",30,"Late","Bottom",8,22,0.202
"1171",30,"Late","Bottom",20,22.05,0.202
"1172",30,"Late","Top",17,21.77,0.201
"1173",30,"Late","Bottom",7,21.89,0.2
"1174",30,"Late","Bottom",11,20.89,0.197
"1175",30,"Late","Bottom",5,20.86,0.192
"1176",30,"Late","Top",7,22.09,0.156
"1177",30,"Late","Bottom",13,21.64,0.153
"1178",30,"Late","Top",4,20.28,0.152
"1179",30,"Late","Top",20,20.84,0.15
"1180",30,"Late","Bottom",2,20.95,0.15
"1181",30,"Late","Top",8,19.74,0.149
"1182",30,"Late","Top",16,21.71,0.149
"1183",30,"Late","Bottom",15,19.92,0.148
"1184",30,"Late","Bottom",6,22.07,0.148
"1185",30,"Late","Top",19,22.15,0.147
"1186",30,"Late","Top",2,23.01,0.147
"1187",30,"Late","Bottom",1,19.67,0.146
"1188",30,"Late","Top",5,20.62,0.146
"1189",30,"Late","Bottom",4,19.96,0.145
"1190",30,"Late","Bottom",17,20.83,0.145
"1191",30,"Late","Top",12,20.22,0.142
"1192",30,"Late","Top",14,21.07,0.14
"1193",30,"Late","Bottom",16,21.81,0.138
"1194",30,"Late","Top",3,19.72,0.136
"1195",30,"Late","Bottom",19,21.22,0.135
"1196",30,"Late","Bottom",10,18.87,0.133
"1197",30,"Late","Bottom",14,20.07,0.132
"1198",30,"Late","Bottom",3,19.58,0.131
"1199",30,"Late","Top",1,18.82,0.129
"1200",30,"Late","Bottom",18,19.57,0.129
